{"cameraMode":{"drawMode":0,"name":"Shaded","section":"Shading Mode"},"sceneLighting":false,"audioPlay":false,"sceneViewState":{"m_AlwaysRefresh":false,"showFog":true,"showSkybox":false,"showFlares":true,"showImageEffects":true,"showParticleSystems":true,"showVisualEffectGraphs":true,"m_FxEnabled":true},"in2DMode":false,"pivot":{"x":-29.184772491455079,"y":0.8869076371192932,"z":-6.978392124176025},"rotation":{"x":0.11152871698141098,"y":-0.13432736694812776,"z":0.015216312371194363,"w":0.984535813331604},"size":3.009587287902832,"orthographic":true}