{"cameraMode":{"drawMode":0,"name":"Shaded","section":"Shading Mode"},"sceneLighting":true,"audioPlay":false,"sceneViewState":{"m_AlwaysRefresh":false,"showFog":true,"showSkybox":true,"showFlares":true,"showImageEffects":true,"showParticleSystems":true,"showVisualEffectGraphs":true,"m_FxEnabled":true},"in2DMode":false,"pivot":{"x":839.27587890625,"y":516.2819213867188,"z":-72.0684814453125},"rotation":{"x":0.011096310801804066,"y":0.024022426456212999,"z":-0.0005383428069762886,"w":1.0001883506774903},"size":463.9396667480469,"orthographic":false}