{"cameraMode":{"drawMode":0,"name":"Shaded","section":"Shading Mode"},"sceneLighting":true,"audioPlay":false,"sceneViewState":{"m_AlwaysRefresh":false,"showFog":true,"showSkybox":true,"showFlares":true,"showImageEffects":true,"showParticleSystems":true,"showVisualEffectGraphs":true,"m_FxEnabled":true},"in2DMode":false,"pivot":{"x":-29.464685440063478,"y":3.6548120975494386,"z":0.058191582560539249},"rotation":{"x":0.0001413480204064399,"y":-0.7854189872741699,"z":0.619061291217804,"w":0.0002822563692461699},"size":13.659382820129395,"orthographic":true}