{"cameraMode":{"drawMode":0,"name":"Shaded","section":"Shading Mode"},"sceneLighting":true,"audioPlay":false,"sceneViewState":{"m_AlwaysRefresh":false,"showFog":true,"showSkybox":true,"showFlares":true,"showImageEffects":true,"showParticleSystems":true,"showVisualEffectGraphs":true,"m_FxEnabled":true},"in2DMode":false,"pivot":{"x":2.915278196334839,"y":4.977077960968018,"z":-5.18949556350708},"rotation":{"x":0.4802909791469574,"y":0.0019962501246482136,"z":-0.0013831380056217313,"w":0.8777055144309998},"size":2.025620698928833,"orthographic":true}