{"cameraMode":{"drawMode":0,"name":"Shaded","section":"Shading Mode"},"sceneLighting":true,"audioPlay":false,"sceneViewState":{"m_AlwaysRefresh":false,"showFog":true,"showSkybox":true,"showFlares":true,"showImageEffects":true,"showParticleSystems":true,"showVisualEffectGraphs":true,"m_FxEnabled":true},"in2DMode":false,"pivot":{"x":12.887999534606934,"y":1.7760000228881837,"z":1.8309999704360963},"rotation":{"x":-0.32284873723983767,"y":-0.5367953181266785,"z":0.23144026100635529,"w":-0.7449772953987122},"size":4.254005432128906,"orthographic":true}