{"cameraMode":{"drawMode":0,"name":"Shaded","section":"Shading Mode"},"sceneLighting":true,"audioPlay":false,"sceneViewState":{"m_AlwaysRefresh":false,"showFog":true,"showSkybox":true,"showFlares":true,"showImageEffects":true,"showParticleSystems":true,"showVisualEffectGraphs":true,"m_FxEnabled":true},"in2DMode":false,"pivot":{"x":23.6200008392334,"y":0.9700000286102295,"z":0.009999990463256836},"rotation":{"x":0.15198256075382234,"y":0.579587996006012,"z":-0.11146959662437439,"w":0.7929532527923584},"size":25.758724212646486,"orthographic":true}