{"cameraMode":{"drawMode":0,"name":"Shaded","section":"Shading Mode"},"sceneLighting":true,"audioPlay":false,"sceneViewState":{"m_AlwaysRefresh":false,"showFog":true,"showSkybox":true,"showFlares":true,"showImageEffects":true,"showParticleSystems":true,"showVisualEffectGraphs":true,"m_FxEnabled":true},"in2DMode":false,"pivot":{"x":2.2067582607269289,"y":1.546953558921814,"z":0.25093674659729006},"rotation":{"x":-0.21727916598320008,"y":-0.004982132464647293,"z":0.0010993151227012277,"w":-0.9761859178543091},"size":9.19703483581543,"orthographic":false}