{"cameraMode":{"drawMode":0,"name":"Shaded","section":"Shading Mode"},"sceneLighting":true,"audioPlay":false,"sceneViewState":{"m_AlwaysRefresh":false,"showFog":true,"showSkybox":true,"showFlares":true,"showImageEffects":true,"showParticleSystems":true,"showVisualEffectGraphs":true,"m_FxEnabled":true},"in2DMode":false,"pivot":{"x":12.260000228881836,"y":2.6600000858306886,"z":-1.7100000381469727},"rotation":{"x":-0.005155786406248808,"y":-0.2922171652317047,"z":0.0005839237128384411,"w":-0.9568216800689697},"size":0.3596838116645813,"orthographic":true}