{"cameraMode":{"drawMode":0,"name":"Shaded","section":"Shading Mode"},"sceneLighting":true,"audioPlay":false,"sceneViewState":{"m_AlwaysRefresh":false,"showFog":true,"showSkybox":true,"showFlares":true,"showImageEffects":true,"showParticleSystems":true,"showVisualEffectGraphs":true,"m_FxEnabled":true},"in2DMode":false,"pivot":{"x":857.4691162109375,"y":576.1387329101563,"z":104.32857513427735},"rotation":{"x":-0.015455036424100399,"y":-0.21089424192905427,"z":0.002362604485824704,"w":-0.9778567552566528},"size":531.6801147460938,"orthographic":true}