{"cameraMode":{"drawMode":0,"name":"Shaded","section":"Shading Mode"},"sceneLighting":true,"audioPlay":false,"sceneViewState":{"m_AlwaysRefresh":false,"showFog":true,"showSkybox":true,"showFlares":true,"showImageEffects":true,"showParticleSystems":true,"showVisualEffectGraphs":true,"m_FxEnabled":true},"in2DMode":false,"pivot":{"x":330.51226806640627,"y":549.0227661132813,"z":-467.09967041015627},"rotation":{"x":-0.0005335469613783062,"y":-0.155709907412529,"z":0.00041257726843468845,"w":-0.9879100322723389},"size":834.322021484375,"orthographic":true}