{"cameraMode":{"drawMode":0,"name":"Shaded","section":"Shading Mode"},"sceneLighting":true,"audioPlay":false,"sceneViewState":{"m_AlwaysRefresh":false,"showFog":true,"showSkybox":true,"showFlares":true,"showImageEffects":true,"showParticleSystems":true,"showVisualEffectGraphs":true,"m_FxEnabled":true},"in2DMode":false,"pivot":{"x":23.6200008392334,"y":0.9700000286102295,"z":0.009999990463256836},"rotation":{"x":0.07418543845415116,"y":0.8818649053573608,"z":-0.14887376129627229,"w":0.4414403438568115},"size":8.192431449890137,"orthographic":true}